geographic_school_district,children_5_17,poverty,linguistically_isolated,children_disability,vulnerable_job,single_parent,crowded_conditions,no_computer_internet
Abington Heights School District,3839,0.06694451680125033,0.0070330815316488665,0.06095337327429018,0.2521489971346705,0.19822870539202916,0.008856473039854129,0.08387600937744204
Abington School District,9228,0.05169050715214565,0.0068270481144343306,0.054074555700043346,0.25498482878196793,0.1905071521456437,0.008994364976159514,0.07834850455136541
Albert Gallatin Area School District,3568,0.18834080717488788,0.013733183856502242,0.08856502242152467,0.2743834080717489,0.30184977578475336,0.009809417040358745,0.1381726457399103
Aliquippa School District,1295,0.4386100386100386,0.02471042471042471,0.13667953667953667,0.28957528957528955,0.4972972972972973,0.021621621621621623,0.2548262548262548
Allegheny Valley School District,846,0.12293144208037825,0.0070921985815602835,0.06619385342789598,0.27423167848699764,0.24822695035460993,0.026004728132387706,0.10756501182033097
Allegheny-Clarion Valley School District,684,0.14035087719298245,0.007309941520467836,0.06432748538011696,0.23538011695906433,0.24853801169590642,0.017543859649122806,0.13742690058479531
Allentown City School District,22367,0.31068091384629143,0.0172575669513122,0.11306835963696517,0.2917691241561229,0.40872714266553406,0.018151741404748067,0.19287342960611614
Altoona Area School District,9078,0.22857457589777483,0.01520158625247852,0.0933024895351399,0.2808988764044944,0.3333333333333333,0.015532055518836747,0.15961665565102445
Ambridge Area School District,2981,0.1559879235155988,0.009728279100972828,0.07581348540758134,0.27037906742703793,0.27742368332774237,0.015431063401543106,0.11908755451190875
Annville-Cleona School District,1622,0.093711467324291,0.008631319358816275,0.06226880394574599,0.2644882860665845,0.2219482120838471,0.012946979038224414,0.09926017262638717
Antietam School District,1281,0.1522248243559719,0.01405152224824356,0.0702576112412178,0.25917252146760345,0.25995316159250587,0.00936768149882904,0.12646370023419204
Apollo-Ridge School District,1395,0.0960573476702509,0.014336917562724014,0.06451612903225806,0.26881720430107525,0.24157706093189965,0.010752688172043012,0.11254480286738351
Armstrong School District,6264,0.14798850574712644,0.011334610472541508,0.0772669220945083,0.2642081736909323,0.2681992337164751,0.011973180076628353,0.12005108556832694
Athens Area School District,2536,0.15220820189274448,0.011435331230283912,0.08162460567823344,0.27326498422712936,0.28430599369085174,0.013406940063091483,0.11947949526813881
Austin Area School District,136,0.16911764705882354,0.029411764705882353,0.09558823529411764,0.25735294117647056,0.29411764705882354,0.007352941176470588,0.125
Avella Area School District,616,0.09577922077922078,0.012987012987012988,0.06818181818181818,0.30357142857142855,0.2483766233766234,0.006493506493506494,0.08603896103896104
Avon Grove School District,6652,0.060733613950691524,0.009170174383644017,0.057125676488274206,0.26007215874924833,0.19978953698135898,0.010072158749248347,0.07952495490078172
Avonworth School District,2024,0.03162055335968379,0.004446640316205534,0.04693675889328063,0.24308300395256918,0.1674901185770751,0.006422924901185771,0.06867588932806325
Bald Eagle Area School District,1765,0.11784702549575071,0.01189801699716714,0.059490084985835696,0.27422096317280453,0.23966005665722379,0.0113314447592068,0.10878186968838527
Baldwin-Whitehall School District,4982,0.10598153352067442,0.012846246487354477,0.06403050983540746,0.2695704536330791,0.2344439983942192,0.00923323966278603,0.10337213970293055
Bangor Area School District,3441,0.1028770706190061,0.014240046498111014,0.05899447834931706,0.2528334786399303,0.22958442313281022,0.012205754141238012,0.1002615518744551
Beaver Area School District,2237,0.0733124720607957,0.008493518104604381,0.054090299508270004,0.2481001341081806,0.21233795261510952,0.008493518104604381,0.07554760840411265
Bedford Area School District,2320,0.1267241379310345,0.010344827586206896,0.07198275862068966,0.27543103448275863,0.27413793103448275,0.01163793103448276,0.10948275862068965
Belle Vernon Area School District,2391,0.11083228774571309,0.010455876202425763,0.060644081974069425,0.26348808030112925,0.23086574654956085,0.012128816394813885,0.10037641154328733
Bellefonte Area School District,3329,0.09852808651246621,0.009912886752778613,0.06368278762391108,0.2679483328326825,0.23370381495944728,0.012316010814058276,0.10153199158906578
Bellwood-Antis School District,1101,0.1407811080835604,0.010899182561307902,0.07084468664850137,0.2706630336058129,0.26612170753860126,0.011807447774750226,0.12079927338782924
Bensalem Township School District,8340,0.11534772182254197,0.00947242206235012,0.06606714628297362,0.2657074340527578,0.24556354916067147,0.011870503597122302,0.10563549160671463
Benton Area School District,820,0.1048780487804878,0.018292682926829267,0.05853658536585366,0.24634146341463414,0.20609756097560974,0.00975609756097561,0.10121951219512196
Bentworth School District,1084,0.13099630996309963,0.00922509225092251,0.06918819188191883,0.2629151291512915,0.2444649446494465,0.015682656826568265,0.11900369003690037
Berlin Brothersvalley School District,763,0.15072083879423329,0.014416775884665793,0.07470511140235911,0.2673656618610747,0.26605504587155965,0.015727391874180863,0.14416775884665792
Bermudian Springs School District,2268,0.09391534391534391,0.012786596119929453,0.059082892416225746,0.24162257495590828,0.21472663139329806,0.008818342151675485,0.10978835978835978
Berwick Area School District,2957,0.1589448765640852,0.011159959418329387,0.07034156239431856,0.26648630368616844,0.2756171795738925,0.012512681772066284,0.12242137301318905
Bethel Park School District,4627,0.049275988761616596,0.009509401339961098,0.051004970823427705,0.26237302787983574,0.18997190404149558,0.007996542035876377,0.0719688783228874
Bethlehem Area School District,15832,0.16163466397170287,0.0132011116725619,0.08034360788276908,0.2779813036887317,0.28657150075795856,0.01332743810005053,0.13017938352703384
Bethlehem-Center School District,1343,0.10945644080416977,0.010424422933730455,0.06180193596425912,0.26209977661950856,0.23752792256142963,0.011913626209977662,0.10201042442293373
Big Beaver Falls Area School District,1904,0.2699579831932773,0.01365546218487395,0.10714285714285714,0.27521008403361347,0.38130252100840334,0.012605042016806723,0.17594537815126052
Big Spring School District,3191,0.09808837355061109,0.008774678784080225,0.06518332811031025,0.2691946098401755,0.22939517392666875,0.009088060169225948,0.10184895017235976
Blackhawk School District,2836,0.08215796897038082,0.014104372355430184,0.06558533145275035,0.25035260930888575,0.22637517630465445,0.010578279266572637,0.09203102961918194
Blacklick Valley School District,761,0.32457293035479634,0.024967148488830485,0.1116951379763469,0.3009198423127464,0.4204993429697766,0.02102496714848883,0.20105124835742444
Blairsville-Saltsburg School District,1588,0.11838790931989925,0.009445843828715366,0.07115869017632241,0.25692695214105793,0.24181360201511334,0.011335012594458438,0.0982367758186398
Bloomsburg Area School District,1900,0.12842105263157894,0.008947368421052631,0.07,0.2673684210526316,0.26052631578947366,0.012105263157894737,0.11578947368421053
Blue Mountain School District,3167,0.06062519734764762,0.005999368487527629,0.05557309756867698,0.2554467950742027,0.20682033470161035,0.010419955794126934,0.07483422797600253
Blue Ridge School District,1008,0.16071428571428573,0.015873015873015872,0.0882936507936508,0.26587301587301587,0.2708333333333333,0.013888888888888888,0.12698412698412698
Boyertown Area School District,7773,0.05943651099961405,0.0096487842531841,0.055705647755049534,0.2565290106779879,0.19619194648141,0.009005531969638492,0.07924868133281873
Bradford Area School District,2608,0.2691717791411043,0.02262269938650307,0.11579754601226994,0.29869631901840493,0.3753834355828221,0.017254601226993866,0.18366564417177914
Brandywine Heights Area School District,1801,0.09272626318711827,0.011660188784008884,0.056635202665186006,0.2687395891171571,0.2226540810660744,0.012215435868961688,0.09550249861188229
Brentwood Borough School District,1403,0.10263720598717035,0.009265858873841768,0.07483962936564505,0.2494654312188168,0.22879543834640056,0.006414825374198147,0.10548823948681398
Bristol Borough School District,1613,0.1959082455052697,0.019218846869187848,0.0929944203347799,0.26782393056416615,0.3068815871047737,0.010539367637941723,0.14135151890886546
Bristol Township School District,8814,0.12525527569775358,0.01259360108917631,0.06784660766961652,0.26707510778307236,0.25175856591785795,0.010891763104152484,0.10460630814613116
Brockway Area School District,1134,0.16843033509700175,0.015873015873015872,0.0873015873015873,0.25749559082892415,0.2786596119929453,0.013227513227513227,0.12610229276895943
Brookville Area School District,1805,0.1745152354570637,0.013296398891966758,0.07756232686980609,0.27590027700831027,0.296398891966759,0.01662049861495845,0.13240997229916898
Brownsville Area School District,1846,0.2800650054171181,0.01733477789815818,0.11159263271939328,0.3001083423618635,0.39761646803900325,0.014626218851570965,0.18147345612134344
Bryn Athyn School District,154,0.1038961038961039,0.012987012987012988,0.05194805194805195,0.24675324675324675,0.23376623376623376,0.006493506493506494,0.12987012987012986
Burgettstown Area School District,1422,0.0850914205344585,0.004922644163150493,0.0639943741209564,0.26863572433192684,0.2250351617440225,0.007735583684950774,0.09353023909985936
Burrell School District,2010,0.07114427860696518,0.008955223880597015,0.06368159203980099,0.24577114427860697,0.21044776119402986,0.005970149253731343,0.08706467661691543
Butler Area School District,7354,0.1246940440576557,0.012374218112591786,0.0690780527604025,0.2744084851781344,0.2575469132444928,0.012918139787870547,0.10878433505575197
California Area School District,1187,0.11036225779275484,0.006739679865206402,0.06908171861836562,0.2527379949452401,0.22830665543386688,0.007582139848357203,0.10109519797809605
Cambria Heights School District,1288,0.12577639751552794,0.009316770186335404,0.07763975155279502,0.265527950310559,0.2577639751552795,0.011645962732919254,0.11024844720496894
Cameron County School District,579,0.22797927461139897,0.02072538860103627,0.08635578583765112,0.27288428324697755,0.3177892918825561,0.012089810017271158,0.14853195164075994
Camp Hill School District,1497,0.09285237140948564,0.01068804275217101,0.06012024048096192,0.2618570474281897,0.22177688710754842,0.015364061456245824,0.09352037408149633
Canon-McMillan School District,5364,0.056487695749440715,0.009321401938851604,0.05704697986577181,0.26733780760626397,0.2039522744220731,0.009694258016405667,0.08035048471290082
Canton Area School District,933,0.17041800643086816,0.010718113612004287,0.08252947481243302,0.2540192926045016,0.29689174705251875,0.00964630225080386,0.11254019292604502
Carbondale Area School District,1699,0.23307828134196587,0.015891701000588582,0.10594467333725721,0.27545615067686874,0.35138316656856977,0.0164802825191289,0.15891701000588582
Carlisle Area School District,5386,0.12068325287783141,0.014481990345339769,0.06906795395469736,0.2666171555885629,0.24266617155588563,0.012996658002227999,0.10880059413293725
Carlynton School District,1556,0.14974293059125965,0.016709511568123392,0.08290488431876607,0.2776349614395887,0.28213367609254497,0.009640102827763496,0.10861182519280206
Carmichaels Area School District,1133,0.20476610767872905,0.01235657546337158,0.08473080317740513,0.28067078552515445,0.33715798764342453,0.0088261253309797,0.15180935569285084
Catasauqua Area School District,1830,0.1912568306010929,0.01092896174863388,0.07814207650273224,0.27049180327868855,0.3163934426229508,0.01366120218579235,0.13387978142076504
Centennial School District,6747,0.06699273751296873,0.008151771157551505,0.060767748629020304,0.250185267526308,0.20438713502297318,0.009782125389061804,0.08359270787016451
Central Bucks School District,20426,0.027954567707823362,0.008714383628708508,0.047292666209732694,0.25707431704690104,0.1729168706550475,0.008175854303338882,0.06413394693038285
Central Cambria School District,1663,0.09981960312687914,0.012627781118460614,0.06133493686109441,0.26157546602525555,0.23211064341551413,0.009019843656043296,0.09801563439567047
Central Columbia School District,2139,0.08415147265077139,0.010752688172043012,0.051425899953249185,0.28003740065451144,0.22580645161290322,0.012622720897615708,0.08929406264609631
Central Dauphin School District,13892,0.12647566945004318,0.010077742585660812,0.06968039159228333,0.26734811402245895,0.25165562913907286,0.01173337172473366,0.11690181399366542
Central Fulton School District,1109,0.16140667267808836,0.009918845807033363,0.0775473399458972,0.24616771866546439,0.26871055004508565,0.015329125338142471,0.14337240757439135
Central Greene School District,1802,0.17647058823529413,0.011653718091009988,0.08435072142064373,0.27746947835738067,0.30022197558268593,0.012763596004439512,0.13374028856825748
Central Valley School District,2693,0.10768659487560342,0.008911994058670627,0.06906795395469736,0.26810248793167474,0.23802450798366134,0.0103973264017824,0.09766060155959896
Central York School District,5815,0.07549441100601892,0.009286328460877041,0.058469475494411005,0.25520206362854686,0.20378331900257954,0.011349957007738607,0.08512467755803955
Chambersburg Area School District,10820,0.1854898336414048,0.015064695009242145,0.08724584103512015,0.2730129390018484,0.30157116451016636,0.015711645101663587,0.14306839186691311
Charleroi School District,1725,0.16521739130434782,0.01391304347826087,0.07594202898550724,0.25855072463768114,0.29043478260869565,0.013333333333333334,0.12811594202898552
Chartiers Valley School District,3812,0.0708289611752361,0.008919202518363064,0.059286463798530954,0.2570828961175236,0.20356768100734524,0.00944386149003148,0.08184679958027283
Chartiers-Houston School District,1314,0.0958904109589041,0.0091324200913242,0.06773211567732115,0.2671232876712329,0.23363774733637746,0.0091324200913242,0.091324200913242
Cheltenham Township School District,5769,0.07054948864621252,0.010573756283584677,0.05737562835846767,0.25221008840353615,0.20454151499393308,0.010053735482752643,0.08511007106950945
Chester-Upland School District,7410,0.2784075573549258,0.01700404858299595,0.10890688259109312,0.29851551956815114,0.3835357624831309,0.01700404858299595,0.18029689608636976
Chestnut Ridge School District,1460,0.15273972602739727,0.008904109589041096,0.0773972602739726,0.26095890410958905,0.2691780821917808,0.010958904109589041,0.11986301369863013
Chichester School District,3818,0.15793609219486643,0.014143530644316397,0.06862231534834992,0.27265584075432164,0.2750130958617077,0.012048192771084338,0.11812467260345731
Clairton City School District,896,0.4185267857142857,0.018973214285714284,0.1328125,0.30691964285714285,0.49330357142857145,0.018973214285714284,0.23660714285714285
Clarion Area School District,1040,0.1778846153846154,0.0125,0.07115384615384615,0.2846153846153846,0.3096153846153846,0.016346153846153847,0.13846153846153847
Clarion-Limestone Area School District,1003,0.11864406779661017,0.009970089730807577,0.07278165503489531,0.23928215353938184,0.23928215353938184,0.005982053838484547,0.10568295114656032
Claysburg-Kimmel School District,812,0.15517241379310345,0.011083743842364532,0.0960591133004926,0.25985221674876846,0.25985221674876846,0.011083743842364532,0.12438423645320197
Clearfield Area School District,2250,0.23822222222222222,0.019555555555555555,0.09288888888888888,0.2826666666666667,0.3462222222222222,0.014222222222222223,0.1728888888888889
Coatesville Area School District,10105,0.15883226125680355,0.011479465611083622,0.07778327560613557,0.27402276100940126,0.28035625927758534,0.013359722909450767,0.1277585353785255
Cocalico School District,4332,0.05170821791320406,0.007848568790397045,0.05101569713758079,0.2608494921514312,0.18467220683287167,0.009464450600184672,0.07271468144044321
Colonial School District,5830,0.048542024013722124,0.007547169811320755,0.04905660377358491,0.25797598627787305,0.1855917667238422,0.00686106346483705,0.07289879931389365
Columbia Borough School District,1576,0.1884517766497462,0.006345177664974619,0.087563451776649745,0.2899746192893401,0.3223350253807107,0.01015228426395939,0.1319796954314721
Commodore Perry School District,687,0.2445414847161572,0.01601164483260553,0.10043668122270742,0.2692867540029112,0.34497816593886466,0.013100436681222707,0.17321688500727803
Conemaugh Township Area School District,1038,0.11560693641618497,0.011560693641618497,0.0674373795761079,0.2466281310211946,0.24759152215799615,0.008670520231213872,0.09633911368015415
Conemaugh Valley School District,838,0.2064439140811456,0.026252983293556086,0.09188544152744631,0.2529832935560859,0.29236276849642007,0.017899761336515514,0.16348448687350836
Conestoga Valley School District,6349,0.10363836824696802,0.011812883918727358,0.05339423531264766,0.2658686407308237,0.23295007087730352,0.0111828634430619,0.10096078122538983
Conewago Valley School District,4621,0.08656135035706557,0.009521748539277213,0.05907812161869725,0.2531919497944168,0.21640337589266392,0.008656135035706556,0.09110582125081151
Conneaut School District,2783,0.2030183255479698,0.016169601149838304,0.09737693136902623,0.2691340280273087,0.3212360761767876,0.014013654329859864,0.15235357527847646
Connellsville Area School District,4997,0.17230338202921752,0.014608765259155493,0.07964778867320392,0.2779667800680408,0.28577146287772665,0.011206724034420652,0.12947768661196718
Conrad Weiser Area School District,2955,0.09204737732656515,0.006429780033840948,0.05956006768189509,0.25245346869712354,0.2233502538071066,0.009137055837563452,0.09576988155668359
Cornell School District,924,0.18614718614718614,0.006493506493506494,0.09415584415584416,0.27164502164502163,0.3041125541125541,0.015151515151515152,0.13095238095238096
Cornwall-Lebanon School District,5996,0.10323549032688459,0.01000667111407605,0.0657104736490994,0.2606737825216811,0.23032021347565043,0.010507004669779853,0.09856571047364909
Corry Area School District,2252,0.1869449378330373,0.015985790408525755,0.08792184724689166,0.2633214920071048,0.3032859680284192,0.019982238010657193,0.13987566607460036
Coudersport Area School District,922,0.17462039045553146,0.014099783080260303,0.09652928416485901,0.2592190889370933,0.2982646420824295,0.016268980477223426,0.14099783080260303
Council Rock School District,11754,0.027394929385741024,0.007997277522545516,0.048323974817083545,0.2554024161987409,0.17313255062106517,0.00808235494299813,0.0652543814871533
Cranberry Area School District,1213,0.11376751854905194,0.013190436933223413,0.07007419620774938,0.26380873866446825,0.2267106347897774,0.011541632316570486,0.10222588623248145
Crawford Central School District,4266,0.16268166901078293,0.014767932489451477,0.07735583684950774,0.270042194092827,0.28340365682137836,0.013830285982184717,0.13220815752461323
Crestwood School District,3019,0.08777740973832394,0.0076184166942696255,0.05564756541901292,0.26134481616429284,0.22027161311692614,0.013580655846306725,0.09340841338191454
Cumberland Valley School District,10525,0.046175771971496436,0.007410926365795724,0.0508313539192399,0.2606175771971496,0.18327790973871733,0.009121140142517815,0.07667458432304038
Curwensville Area School District,1024,0.203125,0.013671875,0.0810546875,0.27734375,0.3115234375,0.009765625,0.12890625
Dallas School District,3343,0.11337122345198923,0.01017050553395154,0.06431349087645827,0.2698175291654203,0.23302422973377207,0.00927310798683817,0.10020939276099312
Dallastown Area School District,6838,0.06917227259432583,0.009944428195378765,0.05527932143901726,0.26191868967534365,0.20137467095642,0.010236911377595788,0.0818952910207663
Daniel Boone Area School District,3880,0.06572164948453608,0.008505154639175257,0.05438144329896907,0.2724226804123711,0.21520618556701032,0.010051546391752578,0.0809278350515464
Danville Area School District,2745,0.10601092896174863,0.0080145719489981785,0.06083788706739526,0.2644808743169399,0.2360655737704918,0.010564663023679418,0.10491803278688525
Deer Lakes School District,1929,0.06894764126490409,0.011404872991187144,0.05443234836702955,0.2773457750129601,0.2208398133748056,0.007257646448937273,0.08190772420943494
Delaware Valley School District,4467,0.11618535930154467,0.011417058428475487,0.0693978061338706,0.2558764271323036,0.23707186030893218,0.012536377882247594,0.11439444817550928
Derry Area School District,2057,0.12445308701993194,0.012639766650461837,0.07000486144871172,0.2707826932425863,0.2542537676227516,0.015556635877491492,0.11764705882352941
Derry Township School District,4125,0.07321212121212121,0.009939393939393939,0.056484848484848485,0.2572121212121212,0.20315151515151514,0.010424242424242424,0.09284848484848485
Donegal School District,3571,0.07168860263231588,0.009801176141136937,0.058527023242789133,0.2626715205824699,0.20666479977597313,0.00784094091290955,0.08373004760571269
Dover Area School District,3952,0.11791497975708502,0.01138663967611336,0.07009109311740891,0.2659412955465587,0.2479757085020243,0.010374493927125507,0.10779352226720648
Downingtown Area School District,14574,0.0289556744888157,0.00699876492383697,0.04562920268972142,0.25188692191574036,0.1696171263894607,0.00795937971730479,0.06182242349389323
DuBois Area School District,4905,0.19388379204892967,0.011213047910295617,0.08705402650356779,0.2823649337410805,0.3164118246687054,0.012640163098878695,0.13353720693170235
Dunmore School District,1789,0.11403018446059252,0.013974287311347122,0.07043040804918949,0.26103968697596425,0.23868082727780884,0.015651201788708775,0.1106763555058692
Duquesne City School District,1160,0.3741379310344828,0.02413793103448276,0.11637931034482758,0.3103448275862069,0.45775862068965517,0.022413793103448276,0.2413793103448276
East Allegheny School District,2254,0.21694764862466726,0.015971606033717833,0.08518189884649512,0.2905944986690328,0.3336291038154392,0.019964507542147295,0.1557231588287489
East Lycoming School District,1869,0.12734082397003746,0.00909577314071696,0.06955591225254147,0.265382557517389,0.2541466024612092,0.012306046013911182,0.11342964151952915
East Penn School District,9436,0.061466723187791436,0.01006782534972446,0.05510809665112336,0.26748622297583724,0.2013565069944892,0.007630351844001695,0.08202628232301823
East Pennsboro Area School District,3600,0.10333333333333333,0.008055555555555555,0.058333333333333334,0.24861111111111112,0.22361111111111112,0.008055555555555555,0.09777777777777778
East Stroudsburg Area School District,7576,0.15720696937697995,0.013199577613516367,0.07484160506863781,0.27336325237592396,0.279039070749736,0.012407602956705385,0.12565997888067582
Eastern Lancaster County School District,6131,0.08008481487522427,0.00848148752242701,0.060022834774098845,0.26178437449029524,0.21823519817321807,0.010764964932311206,0.09721089544935574
Eastern Lebanon County School District,3928,0.08910386965376782,0.011710794297352342,0.05931771894093686,0.24821792260692466,0.21614052953156823,0.011965376782077392,0.0980142566191446
Eastern York School District,3106,0.10528010302640052,0.009336767546683838,0.07115260785576304,0.2649710238248551,0.23824855119124275,0.0103026400515132,0.09304571796522859
Easton Area School District,10007,0.1499950034975517,0.01299090636554412,0.07474767662636154,0.2741081243129809,0.27470770460677524,0.01299090636554412,0.12291396022784051
Elizabeth Forward School District,2535,0.10848126232741617,0.011045364891518738,0.07337278106508875,0.2603550295857988,0.2575936883629191,0.0126232741617357,0.10808678500986194
Elizabethtown Area School District,4744,0.050590219224283306,0.008431703204047217,0.05164418212478921,0.2571669477234401,0.1897133220910624,0.00948566610455312,0.083052276559865093
Elk Lake School District,1290,0.12790697674418605,0.014728682170542635,0.06589147286821706,0.26744186046511625,0.2496124031007752,0.012403100775193798,0.10542635658914729
Ellwood City Area School District,1790,0.16927374301675976,0.01452513966480447,0.07932960893854749,0.276536312849162,0.2910614525139665,0.01005586592178771,0.13966480446927373
Ephrata Area School District,6129,0.08223201174743025,0.009626366454560288,0.05563713493228912,0.2706803720019579,0.21683798335780716,0.011257953989231522,0.09593734703866863
Erie City School District,15953,0.33228859775590797,0.019118661066883973,0.12392653419419544,0.292484172256002,0.4218642261643578,0.019808186547984705,0.20817401115777598
Everett Area School District,1513,0.14871116986120292,0.009253139458030404,0.07072042300066093,0.2690019828155982,0.2696629213483146,0.013218770654329148,0.13086582947785855
Exeter Township School District,4757,0.04919066638637797,0.0075677948286735335,0.053184780323733444,0.2577254572209376,0.19402985074626866,0.007988227874710952,0.07273491696447341
Fairfield Area School District,1170,0.06324786324786325,0.006837606837606838,0.05128205128205128,0.27692307692307694,0.2076923076923077,0.007692307692307693,0.07948717948717948
Fairview School District,1847,0.07200866269626421,0.017325392528424473,0.06172171088251218,0.2458040064970222,0.20573903627504062,0.009745533297238766,0.08554412560909583
Fannett-Metal School District,751,0.2822902796271638,0.011984021304926764,0.10785619174434088,0.2969374167776298,0.3808255659121172,0.018641810918774968,0.19174434087882822
Farrell Area School District,1114,0.41921005385996407,0.019748653500897665,0.14093357271095153,0.2971274685816876,0.5017953321364452,0.012567324955116697,0.23518850987432674
Ferndale Area School District,830,0.25542168674698795,0.014457831325301205,0.10722891566265061,0.29036144578313255,0.3614457831325301,0.018072289156626505,0.1650602409638554
Fleetwood Area School District,2797,0.07686807293528782,0.012870933142652842,0.06614229531641044,0.26921701823382194,0.2223811226313908,0.013943510904540579,0.0972470504111548
Forbes Road School District,337,0.09792284866468842,0.008902077151335312,0.04154302670623145,0.29080118694362017,0.2166172106824926,0.008902077151335312,0.10089020771513353
Forest Area School District,490,0.14285714285714285,0.014285714285714285,0.0673469387755102,0.2673469387755102,0.24489795918367346,0.00816326530612245,0.10408163265306122
Forest City Regional School District,808,0.17574257425742573,0.007425742574257425,0.08168316831683169,0.28094059405940597,0.2957920792079208,0.007425742574257425,0.12995049504950495
Forest Hills School District,2050,0.1702439024390244,0.015121951219512195,0.08878048780487804,0.2604878048780488,0.2897560975609756,0.00975609756097561,0.1326829268292683
Fort Cherry School District,1377,0.09949164851125636,0.011619462599854757,0.06390704429920116,0.2788671023965142,0.23238925199709515,0.010893246187363835,0.1111111111111111
Fort LeBoeuf School District,2442,0.13677313677313677,0.012694512694512694,0.07002457002457002,0.2665847665847666,0.25225225225225223,0.0085995085995086,0.10810810810810811
Fox Chapel Area School District,5260,0.06292775665399239,0.010456273764258554,0.052661596958174905,0.25684410646387834,0.1958174904942966,0.008935361216730038,0.08326996197718631
Franklin Area School District,2194,0.1690975387420237,0.013217866909753875,0.08158614402917047,0.2707383773928897,0.2944393801276208,0.014129443938012761,0.13309024612579762
Franklin Regional School District,3587,0.039029829941455256,0.008084750487872874,0.05018120992472819,0.2578756621131865,0.18427655422358516,0.008921103986618344,0.07387789238918316
Frazier School District,1224,0.1184640522875817,0.013071895424836602,0.07516339869281045,0.28022875816993464,0.23447712418300654,0.010620915032679739,0.0923202614379085
Freedom Area School District,1294,0.13833075734157652,0.011591962905718702,0.07418856259659969,0.30061823802163834,0.27279752704791344,0.013910355486862442,0.11128284389489954
Freeport Area School District,1682,0.07966706302021404,0.009512485136741973,0.06718192627824018,0.2556480380499406,0.22235434007134364,0.008323424494649227,0.08442330558858502
Galeton Area School District,319,0.23510971786833856,0.0219435736677116,0.12852664576802508,0.2727272727272727,0.322884012539185,0.01567398119122257,0.16927899686520376
Garnet Valley School District,4745,0.02297154899894626,0.008640674394099051,0.04889357218124341,0.2636459430979979,0.17534246575342466,0.006743940990516333,0.057534246575342465
Gateway School District,3992,0.1372745490981964,0.009018036072144289,0.06663326653306613,0.26002004008016033,0.25701402805611223,0.01002004008016032,0.1094689378757515
General McLane School District,2504,0.10982428115015974,0.007987220447284345,0.05750798722044728,0.2595846645367412,0.23043130990415336,0.013178913738019169,0.10742811501597443
Gettysburg Area School District,3421,0.12218649517684887,0.012861736334405145,0.06430868167202572,0.26629640456007014,0.25255773165741013,0.010815551008477054,0.11458637825197311
Girard School District,1893,0.17643951399894348,0.014791336502905442,0.07818277865821448,0.26465927099841524,0.2910723718964606,0.014791336502905442,0.14368726888536715
Glendale School District,787,0.18932655654383734,0.01397712833545108,0.06861499364675985,0.2731893265565438,0.3087674714104193,0.017789072426937738,0.14104193138500634
Governor Mifflin School District,4722,0.08047437526471835,0.00868276154171961,0.05760271071579839,0.25709445150360016,0.2071156289707751,0.010165184243964422,0.08831003811944091
Great Valley School District,5313,0.06060606060606061,0.008846226237530586,0.049689440993788817,0.2606813476378694,0.19574628270280445,0.008846226237530586,0.07905138339920949
Greater Johnstown School District,3646,0.4690071311025782,0.020844761382336808,0.1623697202413604,0.31212287438288533,0.5463521667580911,0.022216127262753703,0.27729018102029623
Greater Latrobe School District,4122,0.07617661329451722,0.008733624454148471,0.05555555555555555,0.26079573022804464,0.20402717127607958,0.010189228529839884,0.09340126152353227
Greater Nanticoke Area School District,2578,0.21062839410395656,0.013964313421256789,0.1008533747090768,0.27889837083010083,0.32156710628394103,0.01474010861132661,0.1551590380139643
Greencastle-Antrim School District,3548,0.12119503945885006,0.010428410372040587,0.06567080045095829,0.2640924464487035,0.2545095828635851,0.009019165727170236,0.10372040586245772
Greensburg Salem School District,3539,0.17434303475558066,0.015258547612319864,0.08307431477818593,0.2851087877931619,0.29951963831590844,0.013563153433173212,0.13591410002825657
Greenville Area School District,1523,0.18778726198292844,0.011162179908076166,0.09980302035456336,0.28233749179251477,0.31057124097176625,0.015758371634931056,0.14773473407747867
Greenwood School District,1005,0.11044776119402985,0.013930348258706468,0.07164179104477612,0.2656716417910448,0.2427860696517413,0.007960199004975124,0.10248756218905472
Grove City Area School District,2229,0.14535666218034993,0.014356213548676536,0.0708838043965904,0.2687303723642889,0.26648721399730824,0.014804845222072678,0.10991475998205473
Halifax Area School District,1177,0.0994052676295667,0.016142735768903994,0.0713678844519966,0.2608326253186066,0.23109600679694137,0.011045029736618521,0.10195412064570943
Hamburg Area School District,2564,0.10413416536661467,0.008190327613104524,0.06318252730109204,0.2535101404056162,0.23673946957878314,0.0093603744149766,0.1029641185647426
Hampton Township School District,3092,0.033958602846054335,0.006144890038809832,0.05012936610608021,0.26228978007761966,0.18208279430789134,0.007438551099611902,0.06791720569210867
Hanover Area School District,2278,0.25548726953467954,0.017998244073748903,0.10535557506584724,0.28050921861281825,0.35908691834942935,0.015803336259877086,0.18305531167690958
Hanover Public School District,2272,0.16153169014084506,0.013204225352112676,0.07570422535211267,0.2680457746478873,0.27244718309859156,0.016285211267605633,0.12191901408450705
Harbor Creek School District,2469,0.0955852571891454,0.014985824220332119,0.06237343053867963,0.27257999189955445,0.23207776427703525,0.009720534629404616,0.0955852571891454
Harmony Area School District,360,0.3472222222222222,0.016666666666666666,0.10833333333333334,0.2722222222222222,0.42777777777777776,0.022222222222222223,0.21388888888888888
Harrisburg City School District,8638,0.4174577448483445,0.02292197267886085,0.1421625376244501,0.3078258856216717,0.49536929844871497,0.022227367446168093,0.2410280157443853
Hatboro-Horsham School District,5861,0.05101518512199284,0.008872206108172668,0.05118580447022692,0.26036512540522094,0.1933117215492237,0.008701586759938576,0.07217198430301996
Haverford Township School District,8226,0.024434719183078046,0.006199854121079504,0.04230488694383661,0.2549234135667396,0.1714077315827863,0.007901774860199369,0.06212010697787503
Hazleton Area School District,11147,0.25298286534493586,0.015968421996949853,0.09679734457701623,0.28491970933883554,0.35543195478604106,0.018300888131335784,0.17152597111330403
Hempfield Area School District,5863,0.08545113423162204,0.009039740747057821,0.06344874637557564,0.2669281937574621,0.22650520211495823,0.010063107624083235,0.09346750810165444
Hempfield School District,7791,0.06687203183160056,0.008856372737774355,0.05955589783083044,0.2519573867282762,0.1957386728276216,0.009883198562443846,0.08573995635990245
Hermitage School District,2003,0.15027458811782327,0.008986520219670495,0.07688467299051423,0.2795806290564154,0.2765851223165252,0.010484273589615577,0.12880678981527707
Highlands School District,2994,0.19939879759519039,0.01503006012024048,0.08149632598530394,0.26920507682030725,0.3072812291249165,0.016700066800267203,0.1479625918503674
Hollidaysburg Area School District,3775,0.11072847682119205,0.011390728476821193,0.06701986754966888,0.2675496688741722,0.24556291390728477,0.010596026490066225,0.1062251655629139
Homer-Center School District,795,0.1610062893081761,0.01509433962264151,0.06918238993710692,0.27169811320754716,0.28176100628930817,0.016352201257861635,0.11823899371069183
Hopewell Area School District,2413,0.09448818897637795,0.009531703273932863,0.06257770410277663,0.2511396601740572,0.21840033153750518,0.009117281392457521,0.09863240779113137
Huntingdon Area School District,2391,0.17900460058552906,0.013383521539104977,0.09117524048515266,0.2852363028021748,0.30447511501463825,0.014219991635299039,0.13759933082392303
Indiana Area School District,3241,0.11755630978093182,0.011107682813946312,0.06541190990435052,0.27584078987966676,0.2505399568034557,0.01203332304844184,0.10398025300833076
Interboro School District,3564,0.09792368125701459,0.012065095398428732,0.06762065095398428,0.26515151515151514,0.22839506172839505,0.011784511784511785,0.0968013468013468
Iroquois School District,1201,0.1948376353039134,0.011656952539550375,0.09159034138218151,0.29142381348875934,0.3189009159034138,0.01498751040799334,0.1582014987510408
Jamestown Area School District,621,0.23993558776167473,0.00644122383252818,0.07568438003220612,0.2689210950080515,0.33816425120772947,0.00644122383252818,0.1706924315619968
Jeannette City School District,1413,0.2632696390658174,0.017692852087756547,0.09766454352441614,0.29582448690728946,0.3581033262561925,0.014861995753715499,0.17338995046001415
Jefferson-Morgan School District,759,0.12779973649538867,0.013175230566534914,0.06851119894598155,0.23978919631093545,0.22529644268774704,0.011857707509881422,0.12648221343873517
Jenkintown School District,983,0.05595116988809766,0.009155645981688708,0.04984740590030519,0.2706002034587996,0.18819938962360122,0.00508646998982706,0.07019328585961343
Jersey Shore Area School District,2791,0.14367610175564313,0.011107130060910068,0.08097456108921533,0.2708706556789681,0.2672877104980294,0.011107130060910068,0.1082049444643497
Jim Thorpe Area School District,2423,0.11844820470491127,0.00990507635163021,0.07387536112257533,0.2682624845233182,0.24556335121749898,0.014444903012794058,0.10524143623607099
Johnsonburg Area School District,581,0.17728055077452667,0.0189328743545611,0.08261617900172118,0.2633390705679862,0.2891566265060241,0.013769363166953529,0.14802065404475043
Juniata County School District,4091,0.13101931068198486,0.011977511610853092,0.07602053287704717,0.2610608653141041,0.25788315815204105,0.008799804448790027,0.11610853092153507
Juniata Valley School District,794,0.1397984886649874,0.0163727959697733,0.08060453400503778,0.25440806045340053,0.2682619647355164,0.012594458438287154,0.12468513853904283
Kane Area School District,1139,0.2344161545215101,0.016681299385425813,0.07638279192273925,0.276558384547849,0.34503950834064967,0.014925373134328358,0.15539947322212466
Karns City Area School District,1462,0.11080711354309165,0.006839945280437756,0.07181942544459645,0.26265389876880985,0.24623803009575923,0.008207934336525308,0.09507523939808482
Kennett Consolidated School District,4773,0.09511837418814163,0.009009009009009009,0.061177456526293736,0.2585376073748167,0.2250157133878064,0.010475591870940708,0.09679446888749214
Keystone Central School District,5652,0.1602972399150743,0.011146496815286623,0.08527954706298656,0.27229299363057324,0.2791932059447983,0.011500353857041755,0.13004246284501061
Keystone Oaks School District,2560,0.0875,0.01015625,0.06328125,0.27109375,0.227734375,0.011328125,0.087109375
Keystone School District,1325,0.1471698113207547,0.009056603773584906,0.0709433962264151,0.2724528301886792,0.2656603773584906,0.009811320754716982,0.11471698113207547
Kiski Area School District,4146,0.12325132657983599,0.010612638687891944,0.0723589001447178,0.28171731789676796,0.2600096478533526,0.011577424023154847,0.11167390255668114
Kutztown Area School District,1737,0.09786989061600461,0.007484168105929764,0.06735751295336788,0.2849740932642487,0.22279792746113988,0.009211283822682787,0.08578008059873345
Lackawanna Trail School District,1127,0.12067435669920142,0.015084294587400177,0.0709849157054126,0.25554569653948533,0.2466725820763088,0.01064773735581189,0.11002661934338953
Lake-Lehman School District,2052,0.09064327485380116,0.011208576998050682,0.057504873294346975,0.2724171539961014,0.2222222222222222,0.013157894736842105,0.09113060428849902
Lakeland School District,1671,0.10053859964093358,0.011370436864153202,0.059245960502693,0.2573309395571514,0.21783363255535607,0.008378216636744464,0.10712148414123279
Lakeview School District,1294,0.24343122102009274,0.019319938176197836,0.09814528593508501,0.2751159196290572,0.35780525502318394,0.01313755795981453,0.16846986089644514
Lampeter-Strasburg School District,3925,0.06700636942675159,0.006878980891719746,0.05885350318471338,0.24993630573248407,0.1997452229299363,0.008152866242038216,0.08560509554140128
Lancaster School District,12840,0.20264797507788163,0.013629283489096573,0.09049844236760124,0.285202492211838,0.32429906542056075,0.013940809968847351,0.14781931464174455
Laurel Highlands School District,3142,0.15658816040738383,0.015276893698281349,0.07447485677912158,0.2730744748567791,0.2797581158497772,0.014003819223424571,0.13812858052196053
Laurel School District,1380,0.1144927536231884,0.010144927536231883,0.06521739130434782,0.27246376811594203,0.2427536231884058,0.010869565217391304,0.10797101449275362
Lebanon School District,4877,0.265737133483699,0.017018659011687514,0.10108673364773427,0.293418084888251,0.3709247488209965,0.01824892351855649,0.17613286856674185
Leechburg Area School District,952,0.12710084033613445,0.01365546218487395,0.06407563025210083,0.27521008403361347,0.25210084033613445,0.01365546218487395,0.11554621848739496
Lehighton Area School District,2427,0.17758549649773384,0.015245158632056036,0.08034610630407911,0.2583436341161928,0.29625051503914296,0.010712814173877214,0.13061392665842603
Lewisburg Area School District,2146,0.09412861136999068,0.007455731593662628,0.06104380242311277,0.25629077353215285,0.22693383038210624,0.012581547064305684,0.09179869524697111
Ligonier Valley School District,1747,0.09559244419004007,0.013737836290784202,0.057813394390383514,0.2610188895248998,0.22839152833428736,0.010875787063537493,0.09502003434459072
Line Mountain School District,1233,0.16382806163828062,0.013787510137875101,0.0786699107866991,0.2781832927818329,0.29927007299270075,0.010543390105433901,0.12003244120032441
Littlestown Area School District,2368,0.07179054054054054,0.007601351351351352,0.060810810810810814,0.2690033783783784,0.20734797297297297,0.01097972972972973,0.08319256756756757
Lower Dauphin School District,4004,0.09365634365634366,0.008491508491508492,0.06068931068931069,0.2762237762237762,0.22777222777222778,0.01098901098901099,0.08716283716283717
Lower Merion School District,11052,0.031487513572204126,0.008324285197249367,0.04904089757509953,0.25723850886717337,0.18268186753528773,0.0066956207021353605,0.06469417300036193
Lower Moreland Township School District,2376,0.04377104377104377,0.005892255892255892,0.047979797979797977,0.25462962962962965,0.19107744107744107,0.005050505050505051,0.06523569023569023
Loyalsock Township School District,1335,0.10936329588014981,0.01348314606741573,0.058426966292134834,0.2606741573033708,0.2397003745318352,0.01348314606741573,0.11161048689138577
Mahanoy Area School District,1210,0.2256198347107438,0.01818181818181818,0.08677685950413223,0.27603305785123966,0.33801652892561984,0.014049586776859505,0.15867768595041323
Manheim Central School District,4116,0.06438289601554907,0.007774538386783284,0.05952380952380952,0.25510204081632654,0.21137026239067055,0.009961127308066083,0.08017492711370262
Manheim Township School District,6582,0.045882710422364026,0.008052263749620175,0.04709814646004254,0.25782436949255544,0.18337891218474628,0.009115770282588878,0.07201458523245215
Marion Center Area School District,1763,0.2280204197390811,0.01191151446398185,0.09982983550765741,0.2762336925694838,0.3352240499149178,0.01871809415768576,0.17016449234259784
Marple Newtown School District,5264,0.044452887537993924,0.010258358662613981,0.04977203647416414,0.2718465045592705,0.18787993920972645,0.008358662613981762,0.07522796352583587
Mars Area School District,3765,0.024435590969455512,0.0058432934926958835,0.04329349269588313,0.24329349269588313,0.15351925630810093,0.007436918990703851,0.06162018592297477
McGuffey School District,1661,0.08248043347381095,0.008428657435279952,0.06863335340156532,0.2576760987357014,0.21613485851896447,0.00963275135460566,0.08669476219145093
McKeesport Area School District,4055,0.2833538840937115,0.01726263871763255,0.10135635018495684,0.2848335388409371,0.37903822441430335,0.0187422934648582,0.18027127003699137
Mechanicsburg Area School District,3992,0.08166332665330661,0.011523046092184368,0.05836673346693387,0.26152304609218435,0.21467935871743488,0.011022044088176353,0.08917835671342686
Mercer Area School District,1193,0.19865884325230512,0.013411567476948869,0.08214585079631181,0.26320201173512153,0.3076278290025147,0.014249790444258172,0.14417435037720033
Methacton School District,5816,0.039889958734525444,0.007909215955983494,0.04831499312242091,0.25120357634112794,0.17744154057771663,0.007737276478679504,0.07221458046767538
Meyersdale Area School District,1138,0.23813708260105448,0.008787346221441126,0.10456942003514938,0.26537785588752194,0.3453427065026362,0.007029876977152899,0.1608084358523726
Mid Valley School District,2240,0.17366071428571428,0.0125,0.08482142857142858,0.2727678571428571,0.2941964285714286,0.013839285714285714,0.13303571428571428
Midd-West School District,3191,0.14666248824819805,0.014415543716703227,0.06894390473205891,0.2673143215293012,0.27702914446881854,0.01472892510184895,0.12848636790974616
Middletown Area School District,3130,0.2159744408945687,0.01597444089456869,0.0878594249201278,0.273482428115016,0.32492012779552715,0.013099041533546326,0.15718849840255592
Midland Borough School District,545,0.3247706422018349,0.022018348623853212,0.13027522935779817,0.29174311926605506,0.41834862385321103,0.022018348623853212,0.20550458715596331
Mifflin County School District,7107,0.21514000281412693,0.013085690164626424,0.0893485296186858,0.27916139017869707,0.3298156746869284,0.01575911073589419,0.15562121851695512
Mifflinburg Area School District,2896,0.1457182320441989,0.009323204419889503,0.08080110497237569,0.27624309392265195,0.26795580110497236,0.010359116022099447,0.11015193370165746
Millcreek Township School District,8593,0.09624112649831258,0.009077155824508321,0.061096241126498314,0.2613755382287909,0.23100197835447459,0.010240893750727335,0.09426277202374025
Millersburg Area School District,1012,0.1551383399209486,0.021739130434782608,0.08102766798418973,0.27865612648221344,0.2865612648221344,0.010869565217391304,0.11758893280632411
Millville Area School District,937,0.11846318036286019,0.011739594450373533,0.060832443970117396,0.27854855923159016,0.24653148345784417,0.016008537886873,0.11419423692636073
Milton Area School District,2568,0.14914330218068536,0.010514018691588784,0.07320872274143302,0.2690809968847352,0.2690809968847352,0.015186915887850467,0.12383177570093458
Minersville Area School District,1344,0.15848214285714285,0.01711309523809524,0.07068452380952381,0.25892857142857145,0.27529761904761907,0.00744047619047619,0.12648809523809523
Mohawk Area School District,1639,0.1635143380109823,0.010982306284319707,0.07565588773642465,0.26601586333129956,0.2654057352043929,0.013422818791946308,0.13239780353874314
Monessen City School District,902,0.20288248337028825,0.018847006651884702,0.07649667405764966,0.26274944567627495,0.31596452328159647,0.015521064301552107,0.1629711751662971
Moniteau School District,1366,0.15080527086383602,0.016105417276720352,0.08345534407027819,0.28184480234260617,0.28038067349926793,0.016105417276720352,0.13030746705710103
Montgomery Area School District,1121,0.16770740410347904,0.01784121320249777,0.06333630686886708,0.2711864406779661,0.2818911685994648,0.01159678858162355,0.13826940231935772
Montour School District,3223,0.06391560657772262,0.010549177784672665,0.054917778467266525,0.2655910642258765,0.20384734719205708,0.010238907849829351,0.08098045299410488
Montoursville Area School District,2074,0.09498553519768563,0.009161041465766635,0.06075216972034716,0.2608486017357763,0.23625843780135006,0.011089681774349084,0.09932497589199614
Montrose Area School District,1536,0.21354166666666666,0.015625,0.08333333333333333,0.2591145833333333,0.314453125,0.018229166666666668,0.15559895833333334
Moon Area School District,4160,0.061778846153846156,0.011538461538461539,0.06201923076923077,0.25625,0.1971153846153846,0.007932692307692307,0.07524038461538461
Morrisville Borough School District,1386,0.13924963924963926,0.00937950937950938,0.072871572871572865,0.2763347763347763,0.2698412698412698,0.008658008658008658,0.1111111111111111
Moshannon Valley School District,907,0.18302094818081588,0.012127894156560088,0.07056229327453142,0.27342888643880925,0.2844542447629548,0.018743109151047408,0.13561190738699008
Mount Carmel Area School District,1318,0.20561456752655538,0.014415781487101669,0.09635811836115327,0.2860394537177542,0.3133535660091047,0.018209408194233688,0.1479514415781487
Mount Lebanon School District,6215,0.0416733708769107,0.010941271118262269,0.049557522123893805,0.25679806918744974,0.18149637972646823,0.010780370072405471,0.07288817377312952
Mount Pleasant Area School District,2194,0.10391978122151321,0.0068368277119416595,0.053783044667274384,0.26618049225159524,0.22607110300820418,0.01276207839562443,0.10802187784867821
Mount Union Area School District,1400,0.21285714285714286,0.012142857142857143,0.09428571428571429,0.2835714285714286,0.32142857142857145,0.007857142857142858,0.1442857142857143
Mountain View School District,1167,0.1533847472150814,0.018851756640959727,0.0831191088260497,0.27849185946872324,0.29477292202227934,0.015424164524421594,0.1328191945158526
Muhlenberg School District,3534,0.1366723259762309,0.008771929824561403,0.07470288624787776,0.27108092812676854,0.2705149971703452,0.011035653650254669,0.12167515563101301
Muncy School District,1048,0.10400763358778627,0.01431297709923664,0.0648854961832061,0.2881679389312977,0.2452290076335878,0.006679389312977099,0.0916030534351145
Nazareth Area School District,4999,0.06621324264852971,0.011002200440088018,0.058811762352470494,0.2550510102020404,0.20104020804160833,0.010602120424084817,0.08461692338467694
Neshaminy School District,10071,0.057888988183894353,0.010425975573428656,0.055505908052824945,0.26511766458147157,0.19849071591698939,0.01012809055704498,0.08082613444543739
Neshannock Township School District,1343,0.07222635889798958,0.011169024571854059,0.05361131794489948,0.2606105733432614,0.2137006701414743,0.008935219657483246,0.09307520476545049
New Brighton Area School District,1382,0.20549927641099855,0.013748191027496382,0.09406657018813314,0.2865412445730825,0.3219971056439942,0.011577424023154847,0.14978292329956586
New Castle Area School District,3501,0.36875178520422736,0.016852327906312484,0.1342473578977435,0.29105969722936303,0.4638674664381605,0.017709225935447014,0.23050556983718937
New Hope-Solebury School District,1738,0.03222094361334868,0.009781357882623706,0.04027617951668585,0.24108170310701957,0.1611047180667434,0.006904487917146145,0.06501726121979287
New Kensington-Arnold School District,2631,0.3128088179399468,0.015203344735841885,0.11326491828202205,0.3040668947168377,0.41733181299885974,0.02090459901178259,0.1999239832763208
Newport School District,1068,0.1797752808988764,0.014044943820224719,0.09082397003745318,0.26217228464419473,0.2883895131086142,0.011235955056179775,0.13764044943820225
Norristown Area School District,9246,0.18570192515682457,0.014492753623188406,0.08619943759463551,0.2826086956521739,0.3067272333982263,0.013843824356478476,0.13941163746484966
North Allegheny School District,9681,0.02561718830699308,0.008160314017146989,0.051027786385703953,0.2559652928416486,0.1732259064146266,0.007953723788864787,0.06538580725131701
North Clarion County School District,771,0.20752269779507135,0.016861219195849545,0.08819714656290532,0.2697795071335927,0.31776913099870296,0.016861219195849545,0.1556420233463035
North East School District,1840,0.14347826086956522,0.007608695652173913,0.07608695652173914,0.28043478260869564,0.2728260869565217,0.009782608695652175,0.10978260869565218
North Hills School District,4570,0.06936542669584245,0.0087527352297593,0.05645514223194748,0.2614879649890591,0.2100656455142232,0.008315098468271335,0.08555798687089715
North Penn School District,15017,0.05793434108010921,0.008923220350269694,0.05427182526470001,0.259838849304122,0.1985749483918226,0.009322767530132517,0.07877738562961976
North Pocono School District,3434,0.0856144437973209,0.00960978450786255,0.06173558532323821,0.26092020966802565,0.22422830518345951,0.00960978450786255,0.09172976121141525
North Schuylkill School District,2151,0.11529521152952116,0.012552301255230125,0.07252440725244072,0.26592282659228267,0.25430032543003256,0.010227801022780102,0.1087866108786611
North Star School District,1361,0.13960323291697282,0.014695077149155033,0.07347538574577517,0.28214548126377664,0.2784717119764879,0.01689933872152829,0.1307861866274798
Northampton Area School District,6854,0.11832506565509192,0.009629413481178874,0.06886489641085497,0.25824336154070615,0.23942223519112926,0.011672016340822877,0.10227604318646046
Northeast Bradford School District,987,0.182370820668693,0.017223910840932118,0.0790273556231003,0.2917933130699088,0.2988855116514691,0.010131712259371834,0.13171225937183384
Northeastern York School District,4545,0.1152915291529153,0.011221122112211221,0.07326732673267326,0.2697469746974697,0.2514851485148515,0.009680968096809682,0.10715071507150715
Northern Bedford County School District,1231,0.12347684809098294,0.008123476848090982,0.06498781478472786,0.2802599512591389,0.25264012997562957,0.010560519902518278,0.11129163281884646
Northern Cambria School District,1092,0.1813186813186813,0.019230769230769232,0.08699633699633699,0.29304029304029305,0.2902930402930403,0.010073260073260074,0.1391941391941392
Northern Lebanon School District,2972,0.07469717362045761,0.00908479138627187,0.06191117092866756,0.25269179004037684,0.2129878869448183,0.006729475100942127,0.08445491251682369
Northern Lehigh School District,2146,0.1206896551724138,0.012581547064305684,0.06756756756756757,0.26234855545200375,0.25629077353215285,0.014911463187325256,0.10764212488350419
Northern Potter School District,707,0.3055162659123055,0.021216407355021217,0.13154172560113153,0.2984441301272984,0.4101838755304102,0.014144271570014143,0.18387553041018387
Northern Tioga School District,2102,0.20456707897240722,0.016175071360608945,0.09086584205518554,0.2764034253092293,0.3111322549952426,0.015223596574690771,0.15413891531874405
Northern York County School District,3455,0.06280752532561505,0.006946454413892909,0.060781476121562955,0.247178002894356,0.1962373371924747,0.008972503617945007,0.07930535455861071
Northgate School District,1066,0.16791744840525327,0.013133208255159476,0.08818011257035648,0.2579737335834897,0.28424015009380865,0.01594746716697936,0.12195121951219512
Northwest Area School District,1375,0.11709090909090909,0.009454545454545455,0.0669090909090909,0.2647272727272727,0.23927272727272728,0.008,0.0989090909090909
Northwestern Lehigh School District,2268,0.05599647266313933,0.006172839506172839,0.04982363315696649,0.26940035273368607,0.20590828924162258,0.012345679012345678,0.07980599647266313
Northwestern School District,1549,0.18850871530019367,0.014202711426726921,0.10200129115558425,0.2918011620400258,0.3143963847643641,0.015493867010974823,0.14719173660426083
Norwin School District,5548,0.05894015861571737,0.008471521268925739,0.05118961788031723,0.26333813987022353,0.20241528478731075,0.009372746935832732,0.08111031002162941
Octorara Area School District,3769,0.12576280180419208,0.011939506500397984,0.06765720350225524,0.27222074820907405,0.24515786680817192,0.009286282833642877,0.10692491377023083
Oil City Area School District,2507,0.22616673314718788,0.014359792580773833,0.0997207818109294,0.2716394096529717,0.3294774631033107,0.01316314319904268,0.15915436777024333
Old Forge School District,871,0.17336394948335246,0.014925373134328358,0.07807118254879448,0.25832376578645233,0.28243398392652125,0.010332950631458095,0.13662456946039037
Oley Valley School District,2023,0.11566979733069699,0.010380622837370242,0.07118141374196738,0.2614928324270885,0.25111220958971825,0.010874938210578349,0.11171527434503213
Oswayo Valley School District,472,0.1673728813559322,0.012711864406779662,0.07415254237288135,0.288135593220339,0.2775423728813559,0.006355932203389831,0.13771186440677965
Otto-Eldred School District,671,0.18628912071535023,0.011922503725782414,0.08643815201192251,0.28017883755588674,0.3144560357675112,0.01639344262295082,0.12667660208643816
Owen J. Roberts School District,6394,0.05254926493587739,0.00781983109164842,0.051454488583046604,0.25367532061307474,0.19221144823271819,0.010322177040975915,0.0747575852361589
Oxford Area School District,5457,0.1277258566978193,0.010262048744731538,0.07714861645592816,0.28055708264614254,0.2631482499541873,0.013194062671797692,0.10775151181968114
Palisades School District,1836,0.04411764705882353,0.008714596949891068,0.05501089324618736,0.2565359477124183,0.19389978213507625,0.007625272331154684,0.07298474945533769
Palmerton Area School District,2095,0.10119331742243437,0.008114558472553698,0.06252983293556086,0.26587112171837707,0.23389021479713604,0.010501193317422435,0.10167064439140812
Palmyra Area School District,3963,0.06939187484229119,0.0055513499873832955,0.056270502144839765,0.256371435780974,0.2028766086298259,0.011102699974766591,0.08074690890739339
Panther Valley School District,1867,0.24263524370648099,0.01713979646491698,0.09587573647562936,0.26727370112479915,0.33851098018211034,0.014997321906802356,0.16229244777718266
Parkland School District,10250,0.06224390243902439,0.008682926829268293,0.055414634146341464,0.259609756097561,0.19951219512195123,0.00897560975609756,0.0791219512195122
Pen Argyl Area School District,1873,0.10464495461825948,0.008542445274959957,0.07100907634810465,0.25680726107848373,0.23384943940202882,0.007474639615589963,0.0998398291510945
Penn Cambria School District,1894,0.17053854276663147,0.012671594508975714,0.07602956705385427,0.2697993664202746,0.28141499472016895,0.012143611404435059,0.1304118268215417
Penn Hills School District,5553,0.1898073113632271,0.012245632991175941,0.08679992796686475,0.2737259139204034,0.3032594993697101,0.011885467314964884,0.14370610480821178
Penn Manor School District,6316,0.08581380620645979,0.009658011399620013,0.06190626979100697,0.26013299556681446,0.21912602913236226,0.010924635845471818,0.09008866371120963
Penn-Delco School District,3968,0.051915322580645164,0.008568548387096774,0.05569556451612903,0.26587701612903225,0.20211693548387097,0.007560483870967742,0.07585685483870967
Penn-Trafford School District,3967,0.04764305520544492,0.007562389715149987,0.04713889589110159,0.24224855054197125,0.17746407864885302,0.0065540710864633225,0.07764053440887321
Penncrest School District,3696,0.12824675324675325,0.01406926406926407,0.07413419913419914,0.27326839826839827,0.2619047619047619,0.008658008658008658,0.11174242424242424
Pennridge School District,8619,0.06891750783153498,0.009397841977027498,0.05708318830490776,0.2607030978071702,0.20327184128089104,0.010790114862513052,0.08458057779324747
Penns Manor Area School District,856,0.15771028037383178,0.010514018691588784,0.08761682242990654,0.2803738317757009,0.286214953271028,0.008177570093457943,0.11214953271028037
Penns Valley Area School District,2622,0.17467581998474446,0.014111365369946605,0.07856598016781083,0.2700228832951945,0.3009153318077803,0.013348588863463006,0.13768115942028986
Pennsbury School District,12143,0.04809355184056658,0.008152845260643993,0.05229350242938318,0.25512641027752614,0.18158609898707073,0.008729309066952153,0.07329325537346619
Pequea Valley School District,5217,0.11500862564692352,0.010734138393712862,0.06459651140502204,0.2643281579451792,0.24362660532873298,0.009392371094498754,0.11059996166379145
Perkiomen Valley School District,6868,0.039458357600465926,0.009318578916715201,0.05183459522422831,0.2599009900990099,0.1795282469423413,0.008590564938846825,0.07061735585323238
Peters Township School District,4713,0.02143008699342245,0.008699342244854658,0.043072353065987695,0.25228092510078504,0.15764905580309782,0.007426267769997878,0.06556333545512412
Philadelphia City School District,237858,0.3424732403366715,0.018843175339908685,0.1214295924459131,0.2954998360366269,0.43403206955410373,0.019810138822322562,0.21169353143472155
Philipsburg-Osceola Area School District,1843,0.14215952251763428,0.010309278350515464,0.07325013564839934,0.2615301139446555,0.27563754747693975,0.011937059142702116,0.12099837221920781
Phoenixville Area School District,5059,0.07629966396521051,0.010081043684522633,0.055742241549713384,0.2644791460762997,0.2134809250840087,0.012255386440007907,0.09053172563747776
Pine Grove Area School District,2005,0.11571072319201996,0.008478802992518703,0.061845386533665836,0.26134663341645886,0.23541147132169576,0.008977556109725686,0.09825436408977556
Pine-Richland School District,5000,0.0354,0.008,0.0476,0.2552,0.1792,0.008,0.0666
Pittsburgh School District,31601,0.24091009778171577,0.01598050694598272,0.09892092022404354,0.2815417233631847,0.34973576785544763,0.016423530900920857,0.16489984494161578
Pittston Area School District,4139,0.1597004107272288,0.01135539985503745,0.08456148828219377,0.27059676250302006,0.2836433921237014,0.012805025368446485,0.12297656438753322
Pleasant Valley School District,4861,0.11273400534869368,0.011108825344579305,0.06809298498251388,0.26517177535486525,0.24377700061715696,0.013166015223205102,0.10553384077350339
Plum Borough School District,3954,0.061456752655538696,0.008598887202832575,0.05007587253414264,0.2582195245321194,0.19499241274658574,0.008093070308548306,0.08320687910976227
Pocono Mountain School District,9816,0.15841483292583536,0.011613691931540342,0.07548899755501222,0.26517929910350446,0.2758761206193969,0.01202118989405053,0.12601874490627546
Port Allegany School District,964,0.2894190871369295,0.025933609958506226,0.0975103734439834,0.29979253112033194,0.38589211618257263,0.02074688796680498,0.19605809128630705
Portage Area School District,1012,0.1808300395256917,0.012845849802371542,0.08596837944664032,0.2648221343873518,0.2984189723320158,0.015810276679841896,0.13537549407114624
Pottsgrove School District,3541,0.10279582038972042,0.012143462298785653,0.0660830273933917,0.2691330132730867,0.2372211239762779,0.011578650098842135,0.10053657158994635
Pottstown School District,3627,0.2351805900192997,0.013785497656465398,0.0931899641577061,0.27129859387923905,0.33884753239591947,0.011855527984560243,0.15770609318996415
Pottsville Area School District,2706,0.15003695491500368,0.011456023651145602,0.07206208425720621,0.28824833702882485,0.27827050997782704,0.011086474501108648,0.12269031781226904
Punxsutawney Area School District,3422,0.23524254821741672,0.014611338398597311,0.09263588544710695,0.2755698421975453,0.3448275862068966,0.016072472238457043,0.16598480420806547
Purchase Line School District,1176,0.18197278911564627,0.015306122448979591,0.0782312925170068,0.2576530612244898,0.282312925170068,0.011904761904761904,0.12414965986394558
Quaker Valley School District,2491,0.067442794058611,0.008831794460056202,0.06423123243677238,0.2621437173825773,0.20794861501405057,0.010437575270975512,0.08109193095142513
Quakertown Community School District,5890,0.062139219015280134,0.00797962648556876,0.05585738539898132,0.26264855687606115,0.1966044142614601,0.010186757215619695,0.08488964346349745
Radnor Township School District,4979,0.06426993372163085,0.01004217714400482,0.05884715806386825,0.2685278168306889,0.20526210082345853,0.009439646515364532,0.0839526009238803
Reading School District,18992,0.3474620893007582,0.019481887110362257,0.12305181128896378,0.2990206402695872,0.4371314237573715,0.019165964616680707,0.21166807076663857
Red Lion Area School District,6460,0.10897832817337462,0.008513931888544891,0.0651702786377709,0.25356037151702787,0.2323529411764706,0.010526315789473684,0.1001547987616099
Redbank Valley School District,943,0.1325556733828208,0.007423117709437964,0.06786850477200425,0.2831389183457052,0.25556733828207845,0.013785790031813362,0.10922587486744433
Reynolds School District,1051,0.16745956232159848,0.013320647002854425,0.0780209324452902,0.2873453853472883,0.30922930542340626,0.015223596574690771,0.11798287345385347
Richland School District,1830,0.1185792349726776,0.014207650273224045,0.06229508196721312,0.24972677595628415,0.23879781420765028,0.016939890710382512,0.12021857923497267
Ridgway Area School District,963,0.11318795430944964,0.014537902388369679,0.0612668743509865,0.2834890965732087,0.24195223260643822,0.013499480789200415,0.09657320872274143
Ridley School District,6470,0.08438948995363214,0.009891808346213293,0.06398763523956723,0.26398763523956725,0.22488408037094282,0.01205564142194745,0.09088098918083462
Ringgold School District,3683,0.1238121096931849,0.006787944610371979,0.06950855281020907,0.260657073038284,0.2440944881889764,0.013575889220743959,0.10480586478414336
Riverside Beaver County School District,1538,0.11638491547464239,0.011703511053315995,0.06176853055916775,0.26788036410923277,0.235370611183355,0.007802340702210663,0.1046814044213264
Riverside School District,1757,0.20717131474103587,0.020489470688673878,0.09447922595332954,0.26977803073420603,0.3130335799658509,0.01309049516220831,0.15025611838360842
Riverview School District,1128,0.11347517730496454,0.012411347517730497,0.0673758865248227,0.27393617021276595,0.250886524822695,0.012411347517730497,0.10460992907801418
Rochester Area School District,963,0.22741433021806853,0.01557632398753894,0.09657320872274143,0.2897196261682243,0.3302180685358255,0.017653167185877467,0.17341640706126688
Rockwood Area School District,811,0.11960542540073983,0.016029593094944512,0.06658446362515413,0.24537607891491986,0.2379778051787916,0.012330456226880395,0.11713933415536375
Rose Tree Media School District,5126,0.0296527506827936,0.008388607101053453,0.046039797112758483,0.24892703862660945,0.16406554818571986,0.005852516582130316,0.06359734685914943
Salisbury Township School District,2205,0.16235827664399094,0.012244897959183673,0.07528344671201814,0.2766439909297052,0.2748299319727891,0.012698412698412698,0.1346938775510204
Salisbury-Elk Lick School District,705,0.4014184397163121,0.02269503546099291,0.12198581560283688,0.300709219858156,0.4808510638297872,0.02553191489361702,0.24822695035460993
Saucon Valley School District,2759,0.08155128669807901,0.006886553098948894,0.0681406306632838,0.24972816237767306,0.20659659296846683,0.009786154403769481,0.08662558898151504
Sayre Area School District,1338,0.16143497757847533,0.009715994020926755,0.07623318385650224,0.26307922272047835,0.26980568011958145,0.01046337817638266,0.11285500747384156
Schuylkill Haven Area School District,1192,0.10570469798657718,0.01761744966442953,0.06459731543624161,0.2684563758389262,0.2533557046979866,0.015939597315436243,0.11325503355704698
Schuylkill Valley School District,2250,0.07111111111111111,0.012444444444444444,0.060444444444444446,0.2591111111111111,0.20266666666666666,0.012,0.08444444444444445
Scranton School District,11648,0.26519574175824173,0.01665521978021978,0.10216346153846154,0.28614354395604397,0.3680460164835165,0.017513736263736264,0.17539491758241757
Selinsgrove Area School District,3215,0.1188180404354588,0.012130637636080872,0.06656298600311042,0.25972006220839816,0.24292379471228615,0.012441679626749611,0.10979782270606532
Seneca Valley School District,8657,0.04077625043317547,0.0077394016402910935,0.04632089638442879,0.2617534942820839,0.18874898925724848,0.008085942012244426,0.0698856416772554
Shade-Central City School District,567,0.13932980599647266,0.012345679012345678,0.06878306878306878,0.27336860670194,0.27336860670194,0.01763668430335097,0.12874779541446207
Shaler Area School District,4660,0.08454935622317597,0.007725321888412017,0.062446351931330475,0.2648068669527897,0.22167381974248926,0.008798283261802575,0.08755364806866953
Shamokin Area School District,2766,0.19016630513376717,0.013376717281272595,0.09833694866232827,0.28524945770065074,0.3062183658712943,0.016992046276211134,0.13485177151120753
Shanksville-Stonycreek School District,366,0.17486338797814208,0.01912568306010929,0.07923497267759563,0.2650273224043716,0.2814207650273224,0.01639344262295082,0.11475409836065574
Sharon City School District,2066,0.3688286544046467,0.017424975798644726,0.12584704743465633,0.2996127783155857,0.45450145208131654,0.017424975798644726,0.2197483059051307
Sharpsville Area School District,1191,0.21662468513853905,0.01343408900083963,0.0948782535684299,0.29219143576826195,0.3316540722082284,0.01343408900083963,0.1418975650713686
Shenandoah Valley School District,1351,0.30495928941524797,0.014063656550703183,0.11621021465581051,0.29015544041450775,0.40192450037009625,0.01628423390081421,0.21169504071058476
Shenango Area School District,1190,0.1949579831932773,0.011764705882352941,0.07983193277310924,0.26134453781512607,0.3092436974789916,0.015966386554621848,0.14789915966386555
Shikellamy School District,3144,0.17716284987277353,0.01653944020356234,0.08428753180661577,0.2744910941475827,0.29770992366412213,0.010178117048346057,0.13358778625954199
Shippensburg Area School District,4677,0.12743211460337822,0.012614924096643148,0.07162711139619414,0.2670515287577507,0.24866367329484712,0.012401111823818688,0.10070558050032072
Slippery Rock Area School District,2296,0.09233449477351917,0.009581881533101045,0.062282229965156796,0.24912891986062718,0.21385017421602787,0.013501742160278746,0.09886759581881534
Smethport Area School District,967,0.24922440537745605,0.014477766287487074,0.11995863495346432,0.30093071354705275,0.38055842812823165,0.01964839710444674,0.16442605997931747
Solanco School District,6823,0.14773560017587573,0.010405979774292832,0.07166935365674923,0.27363329913527773,0.26806390150959986,0.014656309541257512,0.12106111681078705
Somerset Area School District,2261,0.14241486068111456,0.015479876160990712,0.0729765590446705,0.2786377708978328,0.26625386996904027,0.012826183104820876,0.11410880141530297
Souderton Area School District,7945,0.04581497797356828,0.008055380742605412,0.04908747640025173,0.25966016362492134,0.1817495280050346,0.00893643801132788,0.07073631214600377
South Allegheny School District,1293,0.16782675947409126,0.010054137664346482,0.08584686774941995,0.2838360402165507,0.29930394431554525,0.01237432327919567,0.12915699922660479
South Butler County School District,2745,0.07067395264116576,0.006557377049180328,0.0546448087431694,0.2448087431693989,0.2040072859744991,0.008743169398907104,0.08852459016393442
South Eastern School District,3068,0.06844850065189048,0.007822685788787484,0.04954367666232073,0.27835723598435463,0.21479791395045633,0.008148631029986962,0.08148631029986962
South Fayette Township School District,3015,0.03582089552238806,0.008623548922056384,0.046102819237147596,0.2517412935323383,0.18009950248756218,0.008623548922056384,0.06932006633499171
South Middleton School District,2157,0.055632823365785816,0.0037088548910523874,0.052387575336114975,0.26842837273991654,0.20815948076031526,0.007417709782104775,0.06768660176170607
South Park School District,2062,0.05431619786614937,0.009699321047526674,0.05771096023278371,0.2749757516973812,0.20126091173617847,0.009699321047526674,0.07371483996120272
South Side Area School District,1042,0.07485604606525911,0.005758157389635317,0.05758157389635317,0.28502879078694815,0.22936660268714013,0.012476007677543186,0.08157389635316699
South Western School District,4654,0.06381607219596046,0.00730554361839278,0.05350236355822948,0.2518263859045982,0.19832402234636873,0.007735281478298238,0.08250966910184787
South Williamsport Area School District,1440,0.17777777777777778,0.016666666666666666,0.09444444444444444,0.2798611111111111,0.30625,0.01597222222222222,0.12708333333333333
Southeast Delco School District,4917,0.18547895057962172,0.014439699003457393,0.08846857840146431,0.27130364043115723,0.29977628635346754,0.01464307504575961,0.13361805979255645
Southeastern Greene School District,813,0.3038130381303813,0.01107011070110701,0.11685116851168512,0.2915129151291513,0.4108241082410824,0.014760147601476014,0.18081180811808117
Southern Columbia Area School District,1681,0.08387864366448543,0.006543723973825104,0.054729327781082686,0.26531826293872696,0.22427126710291492,0.011302795954788817,0.08804283164782867
Southern Fulton School District,753,0.16733067729083664,0.013280212483399735,0.0650730411686587,0.26162018592297476,0.2868525896414343,0.01593625498007968,0.13811420982735723
Southern Huntingdon County School District,1412,0.17209631728045327,0.0084985835694051,0.08002832861189801,0.2719546742209632,0.29745042492917845,0.010623229461756374,0.13456090651558072
Southern Lehigh School District,3595,0.055632823365785816,0.007788595271210014,0.05591098748261474,0.25062586926286506,0.1963838664812239,0.011126564673157162,0.08344923504867872
Southern Tioga School District,2470,0.18461538461538463,0.016194331983805668,0.07611336032388664,0.2720647773279352,0.30526315789473685,0.00931174089068826,0.13846153846153847
Southern York County School District,3577,0.07184791724909141,0.00698909700866648,0.05423539278725189,0.26362873916689966,0.21302767682415433,0.008946044171093095,0.08079396142018451
Southmoreland School District,2256,0.13342198581560283,0.013297872340425532,0.07402482269503546,0.26640070921985815,0.25930851063829785,0.015070921985815602,0.1125886524822695
Spring Cove School District,2198,0.13102820746132848,0.010464058234758872,0.07279344858962693,0.26160145586897177,0.24476797088262056,0.009099181073703366,0.10418562329390355
Spring Grove Area School District,4748,0.08382476832350463,0.009056444818871103,0.06550126368997472,0.264743049705139,0.22304128053917438,0.011162594776748105,0.08930075821398484
Spring-Ford Area School District,9163,0.04834661137182145,0.009385572410782495,0.04845574593473753,0.2518825712103023,0.1858561606460766,0.00851249590745389,0.07672159773000109
Springfield School District,4425,0.03615819209039548,0.006101694915254237,0.05107344632768362,0.25242937853107345,0.17966101694915254,0.010621468926553673,0.062372881355932205
Springfield Township School District,2939,0.037767948281728476,0.010207553589656346,0.052398775093569244,0.2606328683225587,0.1793126913916298,0.009867301803334467,0.06975161619598502
St. Clair Area School District,923,0.10292524377031419,0.014084507042253521,0.06175514626218852,0.27410617551462624,0.2372697724810401,0.011917659804983749,0.09750812567713976
St. Marys Area School District,2692,0.08580980683506687,0.009658246656760773,0.055349182763744426,0.27563150074294207,0.2213967310549777,0.011515601783060922,0.08766716196136701
State College Area School District,9123,0.05875260331031459,0.00931711059958347,0.055683437465745916,0.2607694837224597,0.19872848843582155,0.008769045270196207,0.08341554313274142
Steel Valley School District,2351,0.21820501914079116,0.013611229264142918,0.09442790301999149,0.2803062526584432,0.3368779242875372,0.00893236920459379,0.1458953636750319
Steelton-Highspire School District,1919,0.37415320479416364,0.021886399166232414,0.13131839499739448,0.2944241792600313,0.46169880145909326,0.019801980198019802,0.22824387701928087
Sto-Rox School District,1965,0.37353689567430026,0.020356234096692113,0.14249363867684478,0.30178117048346054,0.4569974554707379,0.02340966921119593,0.22544529262086513
Stroudsburg Area School District,5770,0.1294627383015598,0.011611785095320624,0.07365684575389948,0.26429809358752165,0.2566724436741768,0.011611785095320624,0.11663778162911612
Sullivan County School District,520,0.17115384615384616,0.011538461538461539,0.075,0.29615384615384616,0.2923076923076923,0.013461538461538462,0.1326923076923077
Susquehanna Community School District,888,0.24211711711711711,0.018018018018018018,0.09684684684684684,0.28040540540540543,0.34121621621621623,0.024774774774774775,0.17454954954954954
Susquehanna Township School District,4043,0.14123175859510265,0.008904279000742024,0.07370764283947563,0.2609448429384121,0.26193420727182787,0.011377689834281474,0.12292851842691072
Susquenita School District,2082,0.1292026897214217,0.008165225744476465,0.05715658021133525,0.2540826128722382,0.25456292026897215,0.011527377521613832,0.11959654178674352
Tamaqua Area School District,2425,0.1509278350515464,0.010721649484536083,0.08206185567010309,0.26309278350515464,0.27175257731958763,0.014020618556701031,0.11670103092783506
Titusville Area School District,2559,0.25400547088706527,0.013677217663149667,0.10707307542008597,0.2758890191481047,0.359515435717077,0.012895662368112544,0.16920672137553733
Towanda Area School District,1622,0.16337854500616522,0.012946979038224414,0.07953144266337854,0.26942046855733665,0.27681874229346487,0.011713933415536375,0.12638717632552404
Tredyffrin-Easttown School District,8159,0.026106140458389507,0.0072312783429341835,0.04645177105037382,0.2555460227969114,0.17122196347591617,0.006618458144380439,0.06483637700698615
Tri-Valley School District,1096,0.0812043795620438,0.009124087591240875,0.0739051094890511,0.29927007299270075,0.23266423357664234,0.004562043795620438,0.08667883211678833
Trinity Area School District,3280,0.09603658536585366,0.013414634146341463,0.06402439024390244,0.25335365853658537,0.22073170731707317,0.008841463414634146,0.09481707317073171
Troy Area School District,1611,0.17256362507759157,0.016139044072004966,0.07386716325263812,0.2538795779019243,0.2911235257603973,0.015518311607697082,0.1378026070763501
Tulpehocken Area School District,2360,0.10720338983050848,0.012711864406779662,0.06483050847457628,0.27627118644067794,0.23516949152542374,0.010169491525423728,0.09152542372881356
Tunkhannock Area School District,2827,0.13654050229925715,0.012734347364697559,0.06685532366466218,0.27661832331093034,0.25857799787760877,0.010258224266006368,0.11213300318358684
Turkeyfoot Valley Area School District,385,0.17402597402597403,0.01818181818181818,0.07792207792207792,0.2883116883116883,0.2909090909090909,0.007792207792207792,0.11688311688311688
Tuscarora School District,3200,0.1253125,0.009375,0.070625,0.276875,0.260625,0.0109375,0.1125
Tussey Mountain School District,1022,0.13405088062622308,0.011741682974559686,0.07729941291585127,0.2455968688845401,0.23581213307240703,0.011741682974559686,0.11252446183953033
Twin Valley School District,4894,0.09276665304454434,0.008786268900694729,0.06129955046996322,0.26726604004903964,0.2270126685737638,0.009807928075194115,0.09726195341234165
Tyrone Area School District,1966,0.17243133265513733,0.01627670396744659,0.08087487283825025,0.2807731434384537,0.3031536113936928,0.012207527975584944,0.13072227873855544
Union Area School District,739,0.2259810554803789,0.02165087956698241,0.09742895805142084,0.2543978349120433,0.33558863328822736,0.017591339648173207,0.16914749661705006
Union City Area School District,1003,0.2452642073778664,0.020937188434695914,0.09471585244267199,0.26520438683948155,0.3369890329012961,0.01296111665004985,0.17048853439680958
Union School District,539,0.24489795918367346,0.012987012987012988,0.10946196660482375,0.31539888682745826,0.35435992578849723,0.02040816326530612,0.16883116883116883
Uniontown Area School District,3062,0.1962769431743958,0.011757021554539516,0.08817766165904638,0.27857609405617245,0.3187459177008491,0.012083605486610059,0.13520574787720444
Unionville-Chadds Ford School District,4164,0.02881844380403458,0.00840537944284342,0.044908741594620556,0.24975984630163303,0.16186359269932757,0.011047070124879923,0.069164265129683
United School District,1163,0.11951848667239896,0.013757523645743766,0.0765262252794497,0.29492691315563196,0.2596732588134136,0.012897678417884782,0.11693895098882201
Upper Adams School District,1779,0.11186059584035975,0.010680157391793142,0.06239460370994941,0.26475548060708265,0.24451939291736932,0.011242270938729624,0.09949409780775717
Upper Darby School District,14210,0.16453201970443349,0.015763546798029555,0.0732582688247713,0.27002111189303307,0.2804363124560169,0.015270935960591134,0.13272343420126673
Upper Dauphin Area School District,1854,0.19039913700107874,0.018338727076591153,0.07928802588996764,0.2853290183387271,0.30906148867313915,0.011866235167206042,0.15102481121898598
Upper Dublin School District,4601,0.025211910454249076,0.006085633557922191,0.04846772440773745,0.25994349054553356,0.17365790045642251,0.007824386003042817,0.058682895022821126
Upper Merion Area School District,4730,0.08097251585623678,0.009725158562367865,0.05919661733615222,0.25835095137420716,0.21416490486257928,0.010359408033826638,0.09069767441860466
Upper Moreland Township School District,3614,0.06640841173215274,0.009131156613171001,0.05534034311012728,0.25567238516878804,0.20946319867183177,0.009131156613171001,0.08771444382955175
Upper Perkiomen School District,3980,0.06507537688442211,0.00628140703517588,0.04949748743718593,0.25753768844221103,0.19798994974874373,0.0092964824120603,0.08517587939698493
Upper St. Clair School District,4222,0.021553765987683562,0.008526764566556135,0.04002842254855519,0.2567503552818569,0.1688773093320701,0.0071056371387967785,0.05731880625296068
Valley Grove School District,706,0.1558073654390935,0.0169971671388102,0.07507082152974505,0.2521246458923513,0.2762039660056657,0.014164305949008499,0.13314447592067988
Valley View School District,2434,0.10805258833196385,0.009860312243221035,0.06655710764174198,0.25677896466721445,0.24198849630238292,0.009860312243221035,0.09737058340180772
Wallenpaupack Area School District,3526,0.14889393079977312,0.012762336925694838,0.07827566647759501,0.27169597277368124,0.2725467952353942,0.009926262053318207,0.11769710720363018
Wallingford-Swarthmore School District,3951,0.035180966843837,0.007593014426727411,0.0442925841559099,0.24930397367755,0.17818273854720323,0.009111617312072893,0.0756770437863832
Warren County School District,5312,0.17281626506024098,0.01148343373493976,0.07887801204819277,0.2729668674698795,0.29593373493975905,0.011859939759036145,0.12707078313253012
Warrior Run School District,2266,0.1500441306266549,0.01500441306266549,0.06398940864960283,0.27890556045895853,0.2736098852603707,0.011915269196822596,0.1147396293027361
Warwick School District,5269,0.05769595748718922,0.008350730688935281,0.053710381476561014,0.25507686468020496,0.196621749857658,0.007971152021256405,0.07819320554184855
Washington School District,1538,0.23211963589076723,0.0188556566970091,0.10078023407022106,0.27243172951885564,0.3433029908972692,0.016905071521456438,0.1716514954486346
Wattsburg Area School District,1660,0.11566265060240964,0.01144578313253012,0.06445783132530121,0.2819277108433735,0.2536144578313253,0.014457831325301205,0.10120481927710843
Wayne Highlands School District,2847,0.19388830347734456,0.014401123990165085,0.09062170706006323,0.2753775904460836,0.3062873199859501,0.012293642430628733,0.14963119072708114
Waynesboro Area School District,5087,0.19913505012777669,0.01592294082956556,0.08236681737762926,0.26597208570866915,0.3141340672301946,0.015333202280322391,0.14468252408099075
Weatherly Area School District,710,0.14647887323943662,0.016901408450704224,0.07605633802816901,0.2591549295774648,0.2605633802816901,0.02112676056338028,0.11549295774647887
Wellsboro Area School District,1419,0.17547568710359407,0.01127554615926709,0.0923185341789993,0.2544045102184637,0.2868217054263566,0.018322762508809022,0.12966878083157152
West Allegheny School District,3050,0.06163934426229508,0.012459016393442624,0.05213114754098361,0.24721311475409835,0.18688524590163935,0.010491803278688525,0.08721311475409836
West Branch Area School District,1061,0.22431668237511782,0.015080113100848256,0.093308199811498585,0.2846371347785108,0.3459000942507069,0.007540056550424128,0.14514608859566447
West Chester Area School District,15603,0.038582323912068194,0.009293084663205794,0.049990386464141515,0.2612318143946677,0.18156764724732424,0.008908543228866243,0.0716528872652695
West Greene School District,733,0.1446111869031378,0.019099590723055934,0.06548431105047749,0.27012278308321963,0.2783083219645293,0.013642564802182811,0.12278308321964529
West Jefferson Hills School District,3139,0.046511627906976744,0.007327174259318254,0.04874163746416056,0.24880535202293724,0.17967505575023893,0.007645747053201656,0.07486460656259955
West Middlesex Area School District,1083,0.20221606648199447,0.010156971375807941,0.08494921514312095,0.2677746999076639,0.31117266851338876,0.018467220683287166,0.1569713758079409
West Mifflin Area School District,2945,0.18098471986417658,0.012563667232597622,0.07911714770797963,0.2821731748726655,0.3096774193548387,0.012224108658743633,0.12597623089983023
West Perry School District,3182,0.10905091137649277,0.010370835952231301,0.06756756756756757,0.2633563796354494,0.24010056568196103,0.01257071024512885,0.10245128849780012
West Shore School District,8905,0.08691746209994385,0.009994385176866929,0.0579449747332959,0.2610892756878158,0.21426165075800113,0.00909601347557552,0.09253228523301515
West York Area School District,3503,0.11475877819012276,0.011133314302026834,0.06651441621467313,0.26520125606622896,0.24693120182700543,0.013131601484441906,0.11190408221524407
Western Beaver County School District,854,0.11592505854800937,0.0117096018735363,0.08430913348946135,0.26229508196721313,0.2540983606557377,0.00936768149882904,0.10889929742388758
Western Wayne School District,1884,0.15445859872611464,0.01751592356687898,0.07537154989384288,0.2956475583864119,0.2903397027600849,0.007961783439490446,0.12101910828025478
Westmont Hilltop School District,1806,0.09579180509413067,0.010520487264673311,0.06589147286821706,0.2691029900332226,0.2364341085271318,0.01716500553709856,0.09523809523809523
Whitehall-Coplay School District,4775,0.12858638743455497,0.013403141361256544,0.07225130890052356,0.2739267015706806,0.2617801047120419,0.012356020942408378,0.10303664921465969
Wilkes-Barre Area School District,8688,0.29730662983425415,0.01830110497237569,0.10900092081031308,0.29247237569060774,0.39640883977900554,0.01841620626151013,0.18853591160220995
Wilkinsburg Borough School District,1802,0.30632630410654826,0.013873473917869035,0.11154273029966703,0.2802441731409545,0.3934517203107658,0.01220865704772475,0.19311875693673697
William Penn School District,7534,0.1842314839394744,0.014600477833820015,0.08136448101937882,0.27979824794265995,0.3009025749933634,0.01128218741704274,0.13737722325457924
Williams Valley School District,1196,0.1697324414715719,0.00919732441471572,0.08528428093645485,0.26672240802675584,0.28929765886287623,0.013377926421404682,0.1346153846153846
Williamsburg Community School District,563,0.15452930728241562,0.010657193605683837,0.0852575488454707,0.2753108348134991,0.2895204262877442,0.019538188277087035,0.13143872113676733
Williamsport Area School District,5801,0.2297879675917945,0.012239269091535943,0.09532839165661093,0.28736424754352696,0.34235476641958285,0.014307877952077228,0.15721427340113772
Wilmington Area School District,1672,0.2117224880382775,0.020933014354066987,0.09090909090909091,0.2805023923444976,0.326555023923445,0.016148325358851676,0.14533492822966507
Wilson Area School District,2395,0.16158663883089772,0.014196242171189978,0.07682672233820459,0.2755741127348643,0.28643006263048015,0.008768267223382045,0.12400835073068893
Wilson School District,6697,0.07062863968941317,0.00851127370464387,0.05375541287143497,0.2608630730177692,0.20770494251157234,0.007913991339405704,0.08152904285500971
Windber Area School District,1092,0.19322344322344323,0.014652014652014652,0.08241758241758242,0.27106227106227104,0.304029304029304,0.01282051282051282,0.13003663003663005
Wissahickon School District,6448,0.04652605459057072,0.006978908188585608,0.05055831265508685,0.2482940446650124,0.1857940446650124,0.006978908188585608,0.06978908188585609
Woodland Hills School District,6307,0.23212303789440306,0.014269858886951007,0.09227842080228318,0.2846044078008562,0.34517203107658156,0.017599492627239574,0.16045663548438244
Wyalusing Area School District,1399,0.13867047891350964,0.012866333095067906,0.0764832022873481,0.2516082916368835,0.24803431022158684,0.01501072194424589,0.11222301644031452
Wyoming Area School District,2423,0.16384647131654972,0.013206768468840282,0.08171687990094924,0.28683450268262484,0.29013619479983493,0.012381345439537762,0.13454395377631037
Wyoming Valley West School District,5636,0.21948190205819731,0.014904187366926898,0.08977998580553584,0.27661462029808376,0.3358765081618169,0.01667849538679915,0.15294535131298795
Wyomissing Area School District,1779,0.10511523327712198,0.012366498032602586,0.07532321528948847,0.26363125351320965,0.2411467116357504,0.00955593029792018,0.09274873524451939
York City School District,8764,0.34653126426289366,0.017001369237790963,0.12551346417161113,0.29723870378822453,0.4390689183021451,0.01928343222272935,0.21303057964399819
York Suburban School District,3260,0.09478527607361963,0.011042944785276074,0.06319018404907975,0.2570552147239264,0.22484662576687117,0.010122699386503068,0.09355828220858896
Yough School District,2216,0.12184115523465704,0.013086642599277979,0.07626353790613719,0.26398916967509023,0.2536101083032491,0.006768953068592058,0.10965703971119134
